X,Y,Name,Position
-3.391933859,2.896979372,Zhou Qi,PF-C
0.250815896,-0.210629687,Zach LaVine,PG
0.231972796,-0.226708525,Zabian Dowdell,PG
0.002594913,-0.057812061,Yue Sun,SF
0.49646558,-0.077029689,Xavier Thames,PG
-0.017543178,-0.152027895,Xavier Henry,SG
0.306786735,0.013888086,Willie Warren,SG-PG
0.082439284,0.159940239,William Buford,SG-SF
-0.07229111,-0.061586381,Will Clyburn,SF-SG
0.153643319,-0.295933195,Will Barton,SG-SF
-0.101977415,-0.184928777,Wesley Johnson,SF
-0.057472443,-0.269253858,Wesley Iwundu,SG-SF
0.275590279,-0.079230773,Wayne Ellington,SG
0.160007758,-0.172045522,Wade Baldwin IV,PG
-0.46484143,0.159513832,Vladimir Golubovic,C
-0.012936541,-0.136530999,Vince Hunter,PF
0.176681368,-0.045448905,Victor Oladipo,SG
0.291846194,-0.13650988,Vander Blue,SG
0.005992978,-0.086936339,V.J. Beachem,SG-SF
0.472458416,-0.132413816,Tyus Jones,PG
0.413405303,-0.238860946,Tyshawn Taylor,PG
0.713751493,-0.139148088,Tyrone Brazelton,PG
-0.002050334,-0.02441007,Tyreke Evans,PG-SG
-0.203956347,0.188333296,Tyler Zeller,PF-C
0.904920307,-0.305543908,Tyler Ulis,PG
0.029630805,-0.036615005,Tyler Smith,SF
-0.227432472,0.273193089,Tyler Lydon,PF
0.046605101,-0.162777869,Tyler Honeycutt,SF
0.369010906,-0.010179799,Tyler Harvey,SG
-0.166669795,0.155337037,Tyler Hansbrough,PF
0.37815277,-0.181427336,Tyler Ennis,PG
0.373192427,-0.191028384,Tyler Dorsey,SG
0.670380614,-0.040120962,Ty Lawson,PG
0.543024582,-0.067862135,Tu Holloway,PG
0.092155048,0.167077836,Troy Williams,SF
-0.240230973,-0.025696791,Tristan Thompson,PF
-0.309984317,0.445749761,Trey Thompkins,PF
0.341446696,0.016333094,Trey Johnson,SG
0.452771126,-0.130565295,Trey Burke,PG
-0.269151318,-0.032056701,Trevor Mbakwe,PF
-0.071282472,0.090695672,Trevor Booker,PF
0.048877457,-0.069858784,Treveon Graham,SF
-0.164649313,0.315048695,Trent Plaisted,PF
0.078604958,-0.049234908,Travis Leslie,SG
0.163611715,-0.110015814,Tony Wroten,PG
-0.034956262,-0.187052072,Tony Snell,SF-SG
0.131209106,-0.032180778,Tony Mitchell,SG
-0.236606726,-0.012724286,Tony Mitchell,PF-SF
-0.559656036,0.270556688,Tony Bradley,C
0.441387194,-0.20761996,Toney Douglas,PG
-0.040901519,0.096565243,Tobias Harris,SF-PF
0.563884035,-0.0479082,TJ McConnell,PG
-0.151523197,0.036242578,TJ Leaf,PF
0.218011737,-0.062555068,Tim Hardaway Jr.,SG
-0.39792592,-0.035579007,Thon Maker,PF
-0.25394673,-0.00791135,Thomas Robinson,PF
-0.569399857,0.145652385,Thomas Bryant,PF-C
-0.025495917,-0.124568303,Thanasis Antetokounmpo,SF
-0.069181319,-0.135856861,Thaddeus Young,SF
0.332445228,-0.191471644,Terry Rozier,PG-SG
0.193675917,-0.195764528,Terrico White,SG-PG
0.083871764,-0.089872465,Terrence Williams,SG-SF
0.233472902,-0.177742895,Terrence Ross,SG-SF
-0.293117936,0.155443831,Terrence Jones,PF-SF
0.126162148,-0.156412176,Terrance Ferguson,SG-SF
0.003978295,-0.153355713,Terran Petteway,SG
-0.001211687,0.011071658,Taurean Prince,SF
0.632412374,-0.245997943,Taurean Green,PG
-0.299316858,0.26945086,TaShawn Thomas,PF
-0.134092203,0.254562563,Takais Brown,PF
-0.337166277,-0.077014387,Taj Gibson,PF
-0.03308966,0.080893124,T.J. Warren,SF
0.115635,0.197265898,Sylven Landesberg,SG
0.211794255,0.301927472,Svi Mykhailiuk,SG-SF
-0.463873288,0.124750968,Steven Adams,C
-0.400193254,0.248043719,Stephen Zimmerman,C
0.505042365,-0.139306144,Stephen Curry,PG-SG
-0.163413612,-0.169949347,Stephane Lasme,PF
0.396543328,-0.111297472,Stanley Burrell,PG
-0.40114992,0.40464181,Spencer Hawes,PF
0.089643368,-0.232723782,Sonny Weems,SG-SF
0.046008907,0.087468539,Solomon Hill,SF
-0.542272548,-0.03592952,Solomon Alabi,C
0.0769569,-0.019265571,Sindarius Thornwell,SG-SF
0.596072117,0.124038302,Sherron Collins,PG
0.361601486,-0.020378293,Shelvin Mack,PG
0.265940136,-0.109329863,Sheldon McClellan,SG
-0.288559852,0.372153991,Shaun Pruitt,C-PF
0.928573708,-0.218599066,Shane Larkin,PG
0.046038194,-0.163705825,Shan Foster,SG
0.648866153,-0.101026784,Shabazz Napier,PG
-0.040683616,0.079118178,Shabazz Muhammad,SF-SG
0.045764403,0.057401631,Semi Ojeleye,SF-SG
0.362438248,-0.188397557,Semaj Christon,PG
0.049038557,-0.149464334,Scotty Hopson,SG
0.538300001,-0.042191084,Scott Machado,PG
-0.448567811,0.194668903,Sasha Kaun,C-PF
-0.056333011,0.044650754,Sammy Mejia,SG
-0.039082474,-0.085673266,Sam Young,SF-SG
-0.12785433,0.039131002,Sam Dekker,SF
-0.256419043,0.146661326,Ryvon Covile,C-PF
-0.356841617,0.105951381,Ryan Richards,PF
0.793492332,-0.160796518,Ryan Boatright,PG
0.290562417,-0.200302496,Russell Westbrook,PG
0.283317066,-0.121280059,Russell Robinson,PG
0.260934569,0.002675635,Russell Carter,SG
0.646295182,-0.350957475,Russ Smith,PG
-12.41696905,-4.330800298,Rudy Gobert,C
-0.087202213,-0.148752863,Rondae Hollis-Jefferson,SF
0.481864005,-0.075426591,Ronald Steele,PG
0.333257659,-0.162222322,Ron Lewis,SG
0.227365938,0.026578476,Ron Baker,SG
0.245549911,-0.156075833,Rodrigue Beaubois,PG
0.243851441,-0.062689439,Rodney Stuckey,SG-PG
0.05990856,0.043637246,Rodney Hood,SF
0.219972061,-0.103953005,Robert Vaden,SG
-0.13283491,-0.175004191,Robert Covington,SF-PF
-0.324241658,0.323367696,Robert Carter Jr,PF
0.056430867,0.174798872,Robbie Hummel,SF
0.151334681,0.084859821,Ricky Ledo,SG
-0.258397302,0.141014376,Rick Jackson,PF
-0.290003347,0.163758955,Richaun Holmes,PF
-0.334117499,0.178543306,Richard Hendrix,PF
-0.008902502,0.120475989,Reyshawn Terry,SF
0.195385633,-0.148948732,Renaldas Seibutis,SG
0.149193257,-0.183130589,Reggie Williams,SG
0.12037116,-0.036026808,Reggie Bullock,SG-SF
0.526043897,-0.052003055,Ray McCallum,PG
0.192283722,0.189441986,Rawle Alkins,SG-SF
-0.12541572,0.309479062,Rashaun Freeman,PF
0.241145402,-0.084502098,Rashad Vaughn,SG
-0.114900551,0.007711028,Rashad Jones-Jennings,PF
0.451823628,-0.104452904,Ramon Sessions,PG
0.449855887,-0.172301091,Ramel Bradley,PG-SG
-0.473368232,0.138416143,Rakeem Christmas,PF-C
0.065535783,-0.193590255,R.J. Hunter,SG
-0.054671162,-0.065143227,Quinton Hosley,SF-SG
0.521189966,-0.131525284,Quinn Cook,PG
-0.176196292,0.061446595,Quincy Miller,SF
-0.218617539,-0.021794837,Quincy Acy,PF
-0.016248968,0.033022347,Quan Prowell,SF-PF
0.087416316,-0.089903465,PJ Dozier,SG
0.747360407,-0.215685196,Phil Pressey,PG
0.657880654,-0.130947299,Peyton Siva,PG
0.133023066,0.128858016,Peter Jok,SG-SF
-0.262104867,-0.009504186,Perry Jones,PF-SF
0.04355559,-0.052970621,Perry Ellis,PF
0.649128849,-0.132658821,Patty Mills,PG
-0.223654175,0.009390073,Patrick Patterson,PF
0.168029149,-0.214795489,Patrick McCaw,PG-SG
0.069682671,0.171827267,Patrick Ewing Jr.,SF-PF
0.277404767,0.188817947,Pat Connaughton,SG
-0.280802539,-0.069699697,Pascal Siakam,PF
0.119143112,0.106620608,P.J. Hairston,SG
-0.129702643,-0.110760285,Otto Porter,SF
-0.284746945,-0.100701287,Othello Hunter,PF-SF
0.117010977,0.027842649,Orlando Johnson,SG
-0.074911214,0.080807537,Omri Casspi,SF
-0.32833877,0.182306414,Omer Yurtseven,C
0.341411741,-0.21242911,Olivier Hanlan,PG-SG
0.318956992,-0.065436612,O.J. Mayo,SG-PG
-0.285524039,-0.136103052,Norvel Pelle,PF-C
0.623530145,-0.211704768,Norris Cole,PG
0.080684031,-0.076729275,Norman Powell,SG
0.382839442,-0.150970302,Nolan Smith,PG
-0.367440219,0.087600964,Noah Vonleh,PF
-0.536702199,0.092288977,Nikola Vucevic,PF-C
0.112647027,0.209397725,Nik Stauskas,SG
0.336137415,-0.16971477,Nigel Williams-Goss,PG
-0.299153762,0.204098745,Nigel Hayes,SF-PF
-0.254979968,0.295396996,Nigel Hayes,PF
0.057108337,-0.044969345,Nick Young,SG-SF
0.383171897,-0.097049629,Nick Johnson,SG
0.406378006,-0.178286461,Myck Kabongo,PG
0.378883476,-0.204936436,Mustafa Shakur,PG
-0.43574717,0.205494975,Mouhammadou Jaiteh,C-PF
-0.245824066,0.079183316,Moritz Wagner,PF
0.515994152,-0.12868216,Monte Morris,PG
0.00895515,0.13165162,Mohamed Abukar,SF
-0.280110757,0.387838083,Miles Plumlee,PF-C
0.156660511,-0.031774967,Mikhail Torrance,PG
0.426574489,-0.35547475,Mike Taylor,SG-PG
-0.105832622,0.281690097,Mike Scott,PF
-0.279537675,0.073203082,Mike Muscala,C-PF
0.56491131,-0.280498724,Mike Conley,PG
0.010267307,-0.254427547,Michael Qualls,SG-SF
-0.095036266,0.053765664,Michael Kidd-Gilchrist,SF
0.191063171,-0.064193605,Michael Gbinije,SG
0.203111079,-0.061010914,Michael Frazier II,SG
-0.325911633,0.103580648,Michael Dunigan,PF-C
0.253169527,-0.206499233,Michael Carter-Williams,PG
-0.191729324,0.099295158,Michael Beasley,PF-SF
-0.391749718,0.120017965,Meyers Leonard,C
-0.014360298,-0.021128899,Melvin Ejim,SF
0.63973799,0.057480226,Melo Trimble,PG
0.544953235,0.140365176,Melo Trimble,PG
-0.019071953,-0.083146066,Maurice Harkless,SF
-0.245179145,0.120788917,Mason Plumlee,C-PF
0.070519741,-0.204681353,Marshon Brooks,SG
0.425986081,-0.181178822,Marquis Teague,PG
-0.171946547,0.160757286,Marquese Chriss,PF
-0.359258134,0.393976864,Marko Lekic,C
0.275965682,-0.267900507,Markel Brown,SG
0.05802471,-0.083943367,Mark Tyndale,SG-SF
-0.2330505,0.122280955,Mario Boggan,PF
0.389100573,-0.146276253,Marcus Thornton,SG
0.383269888,-0.232441334,Marcus Thornton,PG-SG
0.183211026,0.173785531,Marcus Smart,PG
0.485461967,-0.329461332,Marcus Paige,PG
-0.265835845,-0.109614784,Marcus Lee,PF-C
-0.044585772,-0.118517743,Marcus Dove,SF-PF
0.504979743,-0.066757892,Marcus Denmon,SG
0.09650508,0.0722514,Marcelus Kemp,SG
0.42002856,-0.162900423,Malik Newman,SG
0.102637198,-0.071668856,Malik Hairston,SG
-0.184800553,-0.039421013,Malcolm Thomas,PF
0.140342318,-0.123649609,Malcolm Lee,SG
0.17197569,-0.020963368,Malcolm Brogdon,SG
0.049508197,-0.081458206,Malachi Richardson,SG-SF
-0.39600061,0.060455492,Major Wingate,C
0.05688308,0.171328793,Maarty Leunen,SF
-0.102007497,0.276862765,Luke Harangody,PF
-0.064131715,-0.033544117,Luke Babbitt,SF-PF
-0.128042449,-0.01372431,Luc Mbah a Moute,SF
0.290764706,-0.20434559,Lorenzo Brown,PG
0.348030112,-0.29104053,Lester Hudson,PG
-0.017171595,0.024497226,Lazar Hayward,SG-SF
-0.474116119,-0.159000516,Larry Sanders,PF-C
-0.231064342,-0.023978956,Larry Nance,PF
-0.259265609,0.437967328,LaQuinton Ross,SF
0.010709338,0.121666983,Lance Stephenson,SG
0.045240876,0.180537264,Lamar Patterson,SG
0.302501146,-0.170029311,LaceDarius Dunn,SG
-0.17295522,0.507455247,Kyle Wiltjer,PF
-0.261230457,0.287275403,Kyle Visser,C
-0.108314472,0.188725551,Kyle Singler,SF
-0.350655469,0.108737583,Kyle O'Quinn,PF
-0.21569927,0.124388444,Kyle Kuzma,SF-SG
-0.068155377,-0.143628611,Kyle Hines,SF-PF
0.384541349,-0.249653931,Kobi Simmons,PG
0.05555612,0.021300245,Klay Thompson,SG
0.339095718,-0.145206511,Kim English,SG
-0.016587252,0.061270831,Khris Middleton,SF
-0.176947982,-0.084686746,Khem Birch,PF
0.28419869,-0.075152268,Kevin Murphy,SG
-0.220656744,0.429119037,Kevin Love,PF
-0.208622809,0.285510217,Kevin Jones,PF
-0.394207708,-0.081544334,Kevin Durant,SF-PF
-0.241121029,0.73872008,Kentrell Gransberry,C
0.205414973,-0.05019955,Kentavious Caldwell-Pope,SG
-0.295673339,0.108229437,Kenny Kadji,PF-C
-0.164292172,-0.039757729,Kenneth Faried,PF
-0.307689612,0.454261451,Kennedy Meeks,C
0.411473985,0.027175938,Kendall Marshall,PG
0.676041287,-0.115869834,Kemba Walker,PG
-0.046682944,-0.146814475,Kelly Oubre,SF-SG
-0.196225869,0.128522919,Kelly Olynyk,PF-C
-2.520335379,6.261102679,Keith Gallon,PF-C
0.106585549,-0.170752149,Keith Brumbaugh,SF-PF
-0.365216599,-0.064009603,Keith Benson,C-PF
0.737550165,-0.244136589,Keifer Sykes,PG
0.854686287,-0.180874939,Kay Felder,PG
-0.192929153,-0.092188841,Kawhi Leonard,SF
0.269136575,-0.168451483,Kadeem Allen,PG
0.088224024,-0.206479873,K.J. McDaniels,SF
-0.426075515,0.052946227,Justin Patton,C
-0.040942099,-0.005040227,Justin Jackson (UNC),SF
-0.225663224,-0.064727721,Justin Jackson (UMD),SF
0.005323138,-0.045061223,Justin Jackson,SF
-0.119115174,-0.077749882,Justin Harper,PF-SF
0.039040463,-0.031532088,Justin Anderson,SF-SG
-0.188793847,0.245705162,Julius Randle,PF
-0.228857888,-0.10897259,Julian Wright,SF-PF
0.265983441,-0.089303211,Jrue Holiday,PG-SG
0.542913861,0.005017368,JR Reynolds,PG
0.397556105,-0.023753924,Josh Selby,SG-PG
-0.27853944,0.38756988,Josh McRoberts,PF
-0.329445013,0.294865773,Josh Heytvelt,PF-C
0.220111393,-0.076615001,Josh Hart,SG
0.191500032,-0.071751835,Josh Hart,SG-SF
-0.09230045,0.010304213,Josh Duncan,PF
0.554586917,-0.221858596,Joseph Young,SG-PG
-0.23004172,0.298272946,Joseph Jones,PF
-0.236602771,0.337929931,Jordan Williams,PF
0.638135636,-0.07976317,Jordan Taylor,PG
-0.251584793,0.049477869,Jordan Mickey,PF
0.033511769,-0.287511232,Jordan McRae,SG
-0.268815895,0.017934136,Jordan Hill,PF-C
-0.040384702,0.205921404,Jordan Hamilton,SF
0.259977054,-0.15017313,Jordan Crawford,SG
0.316390809,-0.200234708,Jordan Clarkson,PG
-0.081333444,-0.028729077,Jordan Bell,PF
-0.466429037,0.211070436,Jordan Bachynski,PF
0.084061324,0.104496696,Jordan Adams,SG
0.547846337,-0.096610807,Jonny Flynn,PG
-0.605767357,0.001103424,Jonathan Jeanne,PF-C
-0.201119129,0.115310791,Jonathan Holmes,PF-SF
-0.168145002,0.018171857,Jon Leuer,PF
0.278858463,0.062762,Jon Diebler,SG
-0.254259452,0.301175632,Johnny O?Bryant III,PF
0.188812385,-0.171421671,John Wall,PG
0.258301336,0.002825687,John Jenkins,SG
-0.136347003,-0.013957752,John Collins,PF
-0.264705846,0.22420111,Joey Dorsey,PF-C
-0.124970073,-0.039519187,Joel Bolomboy,PF
-0.057282571,0.117805138,Joe Ingles,SF
0.248925006,0.027551325,Joe Harris,SG
0.303018751,0.040536449,Joe Crawford,SG
-0.103842694,-0.041851007,Joe Alexander,SF-PF
0.376611391,0.077719708,Jodie Meeks,SG
-0.234645873,-0.020505071,Joakim Noah,PF
-0.236105447,0.146655659,Jiri Hubalek,C-PF
0.135024599,0.023688046,Jimmy Butler,SF
0.483765512,-0.092119696,Jerryd Bayless,PG-SG
-0.397092945,0.020317396,Jermareo Davidson,PF
0.183787997,-0.089684221,Jermaine Taylor,SG
-0.53545165,0.397773992,Jeremy Tyler,PF-C
0.464751066,0.008692175,Jeremy Pargo,PG
0.132728636,-0.283889327,Jeremy Lamb,SG
0.204217229,-0.152360205,Jeremy Hunt,SG
-0.039863476,-0.117493969,Jereme Richmond,SF
0.324989496,-0.181667103,Jerel McNeal,SG
-0.390469375,0.104023246,Jeff Withey,C
0.398093699,-0.30611256,Jeff Teague,PG
0.203640258,-0.061646771,Jeff Taylor,SF-SG
-0.101766755,-0.066049913,Jeff Green,SF
-0.231468119,0.035598785,Jeff Ayres,PF
-0.22133888,0.037503337,Jeff Adrien,PF
0.416377895,0.204688571,J'Covan Brown,PG
0.53334,-0.058443727,Jawun Evans,PG
0.383056676,-0.1374605,Javaris Crittenton,PG
-0.602467468,-0.047591974,JaVale McGee,C-PF
-0.172303623,0.156528991,Jason Smith,PF
-0.35391657,0.03432739,Jarvis Varnado,PF-C
-0.07572123,-0.009062932,Jarrod Uthoff,PF
-0.429294185,0.027322456,Jarrett Allen,C
0.070835011,-0.059999725,Jaron Blossomgame,SF
0.008173916,-0.052162752,Jaron Blossomgame,SF
-0.177895619,0.242297478,Jarnell Stokes,PF
-0.117592603,0.259308116,Jarell Martin,PF
-0.261982358,0.362603602,Jared Sullinger,PF
0.698662005,-0.041401528,Jared Jordan,PG
0.139276067,0.073503721,Jared Dudley,SF
-0.236924835,0.096409262,JaMychal Green,PF
-0.223438411,0.186813303,Jamie Skeen,PF
-0.16095802,0.033907827,James Southerland,SF-PF
-0.220804564,-0.020744308,James McAdoo,PF
-0.168700041,0.087164291,James Mays,PF
-0.217522042,0.352872448,James Johnson,SF-PF
-0.344981775,-0.216223082,James Hughes,C
0.001634036,0.117800105,James Harden,SG
-0.272367584,-0.141976349,James Gist,PF
0.465451199,-0.015121854,James Fredette,PG
-0.006983322,-0.187481636,James Ennis,SF
0.083686228,-0.003491065,James Anderson,SF
-0.040810503,0.182950851,Jamel Artis,SG-SF
0.690747476,-0.230740626,Jamaal Tatum,PG
0.050229612,0.045853624,Jake Layman,SF
-0.259464929,0.023310302,JaJuan Johnson,PF
0.723167046,-0.147067527,Jahii Carson,PG
0.101953035,0.226481298,Jae Crowder,SF
-0.232382366,0.029280494,Jackie Carmichael,PF
0.595950198,-0.131198049,Jack McClinton,SG-PG
0.238624355,-0.097486342,Jabari Brown,SG
0.159994846,-0.188557626,J.P. Tokoto,SF-SG
-0.194719056,0.198761291,Ivan Radenovic,PF
-0.276130815,-0.014501468,Ivan Rabb,PF
0.184516433,0.070225638,Isaiah Whitehead,PG-SG
0.77035002,-0.109476709,Isaiah Thomas,PG
-0.066877701,0.126612786,Isaiah Miles,PF
-0.146570216,0.095877142,Isaiah Hicks,PF
0.350856682,-0.142456109,Isaiah Cousins,PG
0.584576115,-0.154908905,Isaiah Canaan,PG
0.19126868,0.161518699,Isaiah Briscoe,PG
-0.50265129,0.000987777,Isaiah Austin,PF
0.158752889,0.018619106,Iman Shumpert,PG-SG
-0.486876251,-0.010502755,Ike Anigbogu,C
0.06516255,-0.043330713,Hollis Thompson,SF
-0.290810387,-0.023237757,Herbert Hill,C
-0.39587901,0.128030277,Henry Sims,C-PF
-0.566919297,-0.106332938,Hassan Whiteside,C-PF
-0.356188963,-0.044882658,Harry Giles,PF
-0.019581508,0.18727747,Harrison Barnes,SF-SG
0.111001425,-0.183108343,Hamidou Diallo,SG-SF
-0.28266621,0.142629919,Gregory Smith,PF-C
-0.529727985,0.164636593,Greg Oden,C
-0.375004273,0.29795597,Greg Monroe,PF-C
-0.336777683,0.172965145,Grant Jerrett,PF
0.091417641,0.030243739,Gordon Hayward,SF
0.121537861,-0.07446132,Glenn Robinson III,SF
0.114248824,0.046196404,Glen Rice,SF-SG
0.097248605,-0.143857694,Gerald Henderson,SG-SF
-0.03594897,0.229439129,Georges Niang,PF
0.361919845,-0.333583736,George Hill,PG
0.007759773,-0.141452203,George de Paula,PG
0.322505137,-0.278253314,Gary Payton II,PG
-0.019122916,-0.044473899,Gary Forbes,SG
-0.192317294,0.030679016,Gani Lawal,PF
0.645044577,-0.202576103,Frank Mason III,PG
0.319774949,-0.060629347,Frank Jackson,PG
-0.201205658,-0.169347185,Frank Elegar,PF
-0.460741037,0.10516712,Festus Ezeli,C-PF
-0.43552459,0.252254616,Fab Melo,C
0.073902316,0.086361645,Evan Turner,SG
0.222231885,-0.089704354,E'Twaun Moore,SG
-0.190130883,0.148867907,Erik Murphy,PF
-0.122491392,0.082509968,Eric Mika,PF-C
0.562024692,-0.212269915,Eric Maynor,PG
0.214989182,0.056063961,Eric Gordon,SG
-0.361949582,0.13068,Enes Kanter,PF-C
0.318770301,-0.17629269,Elfrid Payton,PG
-0.333701209,0.092560838,Ekpe Udoh,PF
-0.226455693,-0.240582973,Ekene Ibekwe,PF
-0.305794794,0.0021678,Edrice Adebayo,PF-C
-0.235201003,0.169557369,Ed Davis,PF
-0.324036183,-0.056332638,Earl Clark,SF-PF
-0.183371627,0.086675619,Dwight Powell,PF
0.021901282,0.051646574,Dwayne Bacon,SG-SF
0.211850884,-0.040811178,Dustin Salisbery,SG
0.634480934,-0.162333453,Drew Neitzel,PG
-0.10256325,0.207024902,Drew Gordon,PF
-0.179462082,0.228489332,Draymond Green,PF-SF
0.039801173,0.045765856,Doug McDermott,SF
0.309950006,-0.040676449,Doron Lamb,SG-PG
-0.083804237,-0.053227173,Dorian Finney-Smith,SF
-0.136465188,0.052504719,Donte Greene,SF-PF
0.270682087,-0.083237496,Donovan Mitchell,SG
0.151187196,-0.050723723,Dominique Jones,SG
-0.016956505,-0.0598337,Dominic McGuire,SF
0.727773007,-0.220568469,Dominic James,PG
0.267669863,-0.149044048,DJ Strawberry,SG
0.111406418,-0.021659463,Dionte Christmas,SG
0.224447939,0.094409512,Dillon Brooks,SG-SF
-0.399120709,0.379040546,Diamond Stone,C
0.169048999,-0.005874967,Dez Wells,SG
-0.417066595,0.131941533,Dewayne Dedmon,C
0.133133963,-0.081273293,Devyn Marble,SG
-0.361959002,0.00051691,DeVon Hardin,C-PF
-0.078784899,-0.290170944,Devin Robinson,SF
-0.160613306,-0.024628177,Devin Ebanks,SF
0.127744216,0.021776584,Devin Booker,SG
-0.010245,0.105555795,Deshaun Thomas,SF
-0.298555988,0.25613147,Derrick Williams,PF-SF
0.235812064,-0.140491544,Derrick White,PG
0.618519913,-0.125455881,Derrick Walton Jr.,PG
0.334122069,-0.202093707,Derrick Rose,PG
-0.414531159,0.046482072,Derrick Favors,PF
-0.322577974,0.503388991,Derrick Caracter,PF
-0.261490578,0.053881392,Derrick Brown,SF-PF
0.114532916,-0.052916572,Deron Washington,SF
0.394324306,-0.091761626,Deonte Burton,PG
0.052418999,0.055224474,Denzel Valentine,SG-SF
0.411524795,-0.354108685,Dennis Schroder,PG
0.556514598,-0.080532583,Demetrius Jackson,PG
-0.077716957,-0.076553404,Demetris Nichols,SF
0.325633514,-0.080230149,Demetri McCamey,PG
0.276932015,-0.225294754,DeMarcus Nelson,PG-SG
-0.687667932,0.620006612,DeMarcus Cousins,C
0.108157224,-0.092851408,DeMar DeRozan,SG-SF
0.226570291,-0.138088071,Delon Wright,PG
-0.284213152,0.384949385,DeJuan Blair,PF
-0.245531123,0.156749659,Dedric Lawson,PF
0.264165132,-0.137891062,DeAndre Kane,PG
-0.588140307,0.07084077,DeAndre Jordan,C
-0.146827848,-0.249686344,DeAndre Daniels,SF
0.142975865,-0.027886194,DeAndre Bembry,SG-SF
0.045147877,-0.094802797,Davon Reed,SG-SF
-0.021717093,0.186898385,Davon Jefferson,SF
-0.345560994,0.191191078,David Padgett,C-PF
0.15620451,0.019274499,David Lighty,SG
0.801448033,-0.210541275,DaShaun Wood,PG
-0.381540152,0.057220264,Darryl Watkins,C
0.585803055,-0.225146698,Darren Collison,PG
-0.11568185,0.009678665,Darrell Arthur,PF
-0.176959219,0.313416013,Darnell Jackson,PF
0.21584732,-0.166984019,Darius Morris,PG-SG
0.076043522,0.140948543,Darius Miller,SF-SG
0.375988227,0.007591591,Darius Johnson-Odom,SG
0.053127316,-0.089294954,Darington Hobson,SG-SF
0.100837117,-0.11058012,Dante Exum,SG
-0.104692559,-0.052466593,Dante Cunningham,PF
0.065621426,-0.091875314,Danny Green,SG-SF
-0.507279266,0.430881828,Daniel Orton,C
0.068779195,-0.085492398,Daniel Hamilton,SG-SF
0.193832573,-0.098918585,Damyean Dotson,SG-SF
-0.193216192,0.113037054,Damion James,SF
0.411760209,-0.143008634,Damian Lillard,PG
-0.354427394,0.09579808,Damian Jones,C
-0.519844196,0.515369362,Dakari Johnson,C
-0.196820559,0.073080318,DaJuan Summers,SF
0.165677948,-0.035897865,Daequan Cook,SG
0.632139467,-0.130331858,D.J. Augustin,PG
0.007726321,-0.004695148,Curtis Sumpter,SF
-0.277367278,0.309512396,Craig Bradshaw,PF
-0.248183147,0.082128842,Craig Brackins,PF-SF
0.360068151,0.011283956,Cory Joseph,PG
-0.116668614,-0.059054206,Cory Jefferson,PF
0.322952956,-0.205017423,Corey Hawkins,SG-PG
0.137846634,-0.200917909,Corey Brewer,SF-SG
-0.434692454,0.306686944,Colton Iverson,C
-0.493344164,0.091790597,Cole Aldrich,C
-0.162110803,0.04317955,Cody Zeller,C-PF
0.161326092,-0.132475075,Coby Karl,SG-PG
0.072535221,-0.11497703,Cleanthony Early,SF
0.391536984,0.022536702,CJ McCollum,PG-SG
-0.158085701,-0.002961398,CJ Leslie,PF-SF
-0.246122936,-0.154028965,Chris Walker,PF
-0.127071545,0.08753992,Chris Singleton,SF
-0.431008859,0.076706527,Chris Richard,PF
-0.356080706,0.52837188,Chris Daniels,C-PF
-0.350456228,0.154853253,Chinanu Onuaku,C
-0.300225782,-0.109515614,Cheick Diallo,PF
0.457007919,-0.26845619,Chasson Randle,PG
0.165795017,0.147833873,Chase Budinger,SF-SG
-0.202896994,0.253157052,Charles Rhodes,PF
0.357204681,-0.093161416,Charles Jenkins,PG-SG
-0.251549397,0.038411573,Charles Garcia,SF
-0.045314745,0.078890945,Chandler Parsons,SF
0.038953871,-0.055174762,Cartier Martin,SF
0.104557095,-0.212093189,Carrick Felix,SF-SG
-0.05991608,0.185661747,Carl Landry,PF
0.406309074,-0.187534018,Cameron Payne,PG
-0.208682135,0.090892964,Cameron Oliver,PF
-0.260741148,0.220920865,Cameron Bairstow,PF
-0.095356824,0.265436002,Caleb Green,PF
0.165828519,-0.088172313,C.J. Wilcox,SG
0.017699001,-0.046765954,C.J. Fair,SF
-0.452931173,0.263269641,Byron Mullens,C
0.200778256,0.026702473,Bryce Taylor,SG
-0.591500991,0.092908696,Brook Lopez,C
-0.183268745,0.01265945,Brice Johnson,PF
0.684769148,-0.258432018,Brian Roberts,PG
-0.245941308,0.248938067,Brian Butch,C-PF
0.239798754,-0.144787215,Brandon Paul,SG
0.388028506,-0.268893381,Brandon Knight,PG
0.441547823,-0.002894188,Brandon Heath,PG
-0.313262035,0.161878531,Brandon Davies,PF
-0.243617139,0.084073992,Brandon Ashley,PF
-0.051332423,-0.01577211,Branden Dawson,PF
-0.29559516,-0.157753442,Brandan Wright,PF
0.237358395,-0.08723531,Bradley Beal,SG
0.130414201,0.007191367,Brad Newley,SG
-0.341260022,0.192043389,Bobby Portis,PF
0.564043391,-0.16900641,Bobby Brown,PG
0.058344042,0.143828059,Blake Schilb,SG
-0.162108245,0.222387205,Blake Griffin,PF
-0.31032496,-0.060904632,Bernard James,PF
0.257799358,-0.182693949,Ben McLemore,SG
-0.180082958,0.14693815,Ben Bentil,PF
-0.166801313,-0.180482345,Avis Wyatt,PF
0.369377026,-0.268107278,Avery Bradley,SG-PG
0.338302529,-0.031034292,Austin Rivers,SG-PG
-0.302554839,-0.190971583,Austin Daye,SF-PF
-0.369915047,0.18737549,Artsiom Parakhouski,C
-0.276286308,0.105984834,Arnett Moultrie,PF
0.289678013,-0.156854046,Armon Johnson,PG-SG
0.163017613,-0.224923256,Archie Goodwin,SG
-0.26570805,0.002917406,Anthony Tolliver,PF
-0.277936281,-0.207492117,Anthony Randolph,PF-SF
-0.022816127,-0.067568799,Anthony Brown,SF-SG
-0.165878263,0.159826637,Antanas Kavaliauskas,PF
0.27579538,-0.104558144,Andy Rautins,SG
-0.318717955,0.057945879,Andrew Nicholson,PF
0.33564315,-0.191608481,Andrew Jones,SG
0.178032267,-0.040774104,Andrew Harrison,PG
0.450222035,0.092044196,Andrew Goudelock,PG
-0.01754135,-0.053820656,Andre Roberson,PF-SF
-0.552183663,0.235095108,Andre Drummond,C
0.04270795,-0.198658355,Allen Crabbe,SG
-0.414035931,0.301369869,Ali Traore,C-PF
-0.293217141,-0.015275655,Al-Farouq Aminu,SF
-0.457227391,0.393846141,Alex Kirk,PF
-0.387762157,0.360075172,Aleks Maric,C
0.088270247,-0.190497472,Alec Burks,SG
-0.359210401,0.136056821,Alec Brown,PF
-0.287193345,0.360341251,Alan Williams,PF
-0.077776425,-0.062046924,Al Thornton,SF
-0.254410157,0.211536516,Al Horford,PF
0.280070401,-0.241377785,AJ English,PG
0.04051523,0.072348946,Adonis Thomas,SF
0.379905789,-0.159962546,Acie Law,PG
-0.140846441,0.055819657,Aaron White,PF-SF
-0.487759454,0.425093372,Aaron Gray,C
-0.090699696,-0.057194733,Aaron Gordon,PF
0.620815112,-0.070610785,Aaron Craft,PG
1.627257554,-5.979827298,Aaron Brooks,PG
0.455649376,0.164051305,A.J. Price,PG
